timestamp,vus,rps,cpu_percent,replicas
2026-09-29T18:11:16+05:00,0,0.0,0,2
2026-09-29T18:11:21+05:00,0,0.0,0,2
2026-09-29T18:11:26+05:00,0,0.0,0,2
2026-09-29T18:11:32+05:00,0,0.0,0,2
2026-09-29T18:11:37+05:00,0,0.0,0,2
2026-09-29T18:11:42+05:00,0,0.0,0,2
2026-09-29T18:11:47+05:00,1,3.6,0,2
2026-09-29T18:11:53+05:00,6,43.2,0,2
2026-09-29T18:11:58+05:00,10,81.6,0,2
2026-09-29T18:12:03+05:00,14,119.6,0,2
2026-09-29T18:12:08+05:00,18,158.4,0,2
2026-09-29T18:12:14+05:00,23,204.4,0,2
2026-09-29T18:12:19+05:00,26,239.6,11,2
2026-09-29T18:12:24+05:00,29,267.6,11,2
2026-09-29T18:12:29+05:00,33,299.8,11,2
2026-09-29T18:12:35+05:00,36,334.0,28,2
2026-09-29T18:12:40+05:00,39,362.8,28,2
2026-09-29T18:12:45+05:00,43,370.6,28,2
2026-09-29T18:12:50+05:00,46,417.2,40,2
2026-09-29T18:12:56+05:00,49,454.0,40,2
2026-09-29T18:13:01+05:00,53,480.6,40,2
2026-09-29T18:13:06+05:00,56,482.4,51,2
2026-09-29T18:13:12+05:00,59,519.2,51,2
2026-09-29T18:13:17+05:00,63,546.4,51,2
2026-09-29T18:13:22+05:00,66,556.0,66,2
2026-09-29T18:13:27+05:00,69,583.8,66,2
2026-09-29T18:13:33+05:00,73,599.8,66,2
2026-09-29T18:13:38+05:00,76,556.4,84,2
2026-09-29T18:13:43+05:00,79,667.2,84,2
2026-09-29T18:13:49+05:00,83,704.8,89,3
2026-09-29T18:13:54+05:00,86,749.2,89,3
2026-09-29T18:14:00+05:00,89,764.0,89,3
2026-09-29T18:14:05+05:00,93,736.2,89,3
2026-09-29T18:14:10+05:00,96,777.4,89,3
2026-09-29T18:14:16+05:00,99,889.2,89,3
2026-09-29T18:14:21+05:00,104,925.2,91,5
2026-09-29T18:14:26+05:00,108,941.6,91,5
2026-09-29T18:14:32+05:00,113,992.0,91,5
2026-09-29T18:14:37+05:00,117,947.4,78,5
2026-09-29T18:14:43+05:00,122,1051.2,78,5
2026-09-29T18:14:48+05:00,126,1114.4,78,5
2026-09-29T18:14:53+05:00,130,1118.6,79,7
2026-09-29T18:14:59+05:00,135,1168.2,79,7
2026-09-29T18:15:04+05:00,139,1211.0,73,7
2026-09-29T18:15:10+05:00,144,1203.4,73,7
2026-09-29T18:15:15+05:00,149,1252.2,73,7
2026-09-29T18:15:21+05:00,154,1256.0,73,9
2026-09-29T18:15:26+05:00,158,1369.8,73,9
2026-09-29T18:15:32+05:00,163,1374.6,73,9
2026-09-29T18:15:37+05:00,167,1376.4,69,9
2026-09-29T18:15:43+05:00,172,1436.8,69,9
2026-09-29T18:15:48+05:00,176,1433.0,69,9
2026-09-29T18:15:53+05:00,180,1419.0,68,9
2026-09-29T18:15:59+05:00,185,1468.2,68,9
2026-09-29T18:16:04+05:00,189,1613.6,71,10
2026-09-29T18:16:10+05:00,194,1658.4,71,10
2026-09-29T18:16:15+05:00,199,1624.8,71,10
2026-09-29T18:16:20+05:00,174,1647.8,70,10
2026-09-29T18:16:26+05:00,134,1356.2,70,10
2026-09-29T18:16:31+05:00,101,1078.4,70,10
2026-09-29T18:16:36+05:00,68,771.6,68,10
2026-09-29T18:16:42+05:00,28,390.4,68,10
2026-09-29T18:16:47+05:00,1,83.0,68,10
2026-09-29T18:16:52+05:00,0,0.0,45,10
2026-09-29T18:16:57+05:00,0,0.0,45,10
2026-09-29T18:17:03+05:00,0,0.0,45,10
2026-09-29T18:17:08+05:00,0,0.0,11,10
2026-09-29T18:17:13+05:00,0,0.0,11,10
2026-09-29T18:17:18+05:00,0,0.0,11,10
2026-09-29T18:17:24+05:00,0,0.0,1,10
2026-09-29T18:17:29+05:00,0,0.0,1,10
2026-09-29T18:17:34+05:00,0,0.0,0,10
2026-09-29T18:17:39+05:00,0,0.0,0,10
2026-09-29T18:17:44+05:00,0,0.0,0,10
2026-09-29T18:17:50+05:00,0,0.0,0,10
2026-09-29T18:17:55+05:00,0,0.0,0,10
2026-09-29T18:18:00+05:00,0,0.0,0,10
2026-09-29T18:18:05+05:00,0,0.0,0,10
2026-09-29T18:18:11+05:00,0,0.0,0,10
2026-09-29T18:18:16+05:00,0,0.0,0,10
